Sample in Buffer,Sample in Window,TRIGGER,s_start_conv3,sready_conv3_1,s_out_conv3tb[26:0]
0,0,0,1,0,000000000000000000000000000
1,1,0,1,0,000000000000000000000000000
2,2,0,1,0,000000000000000000000000000
3,3,0,1,0,000000000000000000000000000
4,4,0,1,0,000000000000000000000000000
5,5,0,1,0,000000000000000000000000000
6,6,0,1,0,000000000000000000000000000
7,7,0,1,0,000000000000000000000000000
8,8,0,1,0,000000000000000000000000000
9,9,0,1,0,000000000000000000000000000
10,10,0,1,0,000000000000000000000000000
11,11,0,1,0,000000000000000000000000000
12,12,0,1,0,000000000000000000000000000
13,13,0,1,0,000000000000000000000000000
14,14,0,1,0,000000000000000000000000000
15,15,0,1,0,000000000000000000000000000
16,16,0,1,0,000000000000000000000000000
17,17,0,1,0,000000000000000000000000000
18,18,0,1,0,000000000000000000000000000
19,19,0,1,0,000000000000000000000000000
20,20,1,1,1,001111100101100100110000011
21,21,0,1,1,001111100110101010101110011
22,22,0,1,1,001111100101001000101011110
23,23,0,1,1,001111100100111001101001100
24,24,0,1,1,001111100100011101111011110
25,25,0,1,1,001111100011111011110110100
26,26,0,1,1,001111100011001110011111001
27,27,0,1,1,001111100010110001011011110
28,28,0,1,1,001111100010110000101101110
29,29,0,1,1,001111100010111000100010010
30,30,0,1,1,001111100100010001110100010
31,31,0,1,1,001111100101101111100001111
32,32,0,1,1,001111100111101011000001000
33,33,0,1,1,001111101000111100101000001
34,34,0,1,1,001111101010001001011000011
35,35,0,1,1,001111101010111101110000001
36,36,0,1,1,001111101011000101011000110
37,37,0,1,1,001111101010001011110000101
38,38,0,1,1,001111101001011011101000100
39,39,0,1,1,001111101000010111010110111
40,40,0,1,1,001111100111110011100110000
41,41,0,1,1,001111101000000000011000011
42,42,0,1,1,001111101000110110110101101
43,43,0,1,1,001111101001001000101010001
44,44,0,1,1,001111101001101001100111001
45,45,0,1,1,001111101010010001001111110
46,46,0,1,1,001111101010100001110001011
47,47,0,1,1,001111101010000011000001011
48,48,0,1,1,001111100100110001000011001
49,49,0,1,1,001111011101000101110001101
50,50,0,1,1,001111011000001001011001011
51,51,0,1,1,000000000000000000000000000
52,52,0,1,1,000000000000000000000000000
53,53,0,1,1,000000000000000000000000000
54,54,0,1,1,001111000001101110100001010
55,55,0,1,1,001111001011011111010100010
56,56,0,1,1,001111000111110100111010000
57,57,0,1,1,001110110111000001110010000
58,58,0,1,1,001110001010000011100000000
59,59,0,1,1,001110110101111011101100000
60,60,0,1,1,001111001011010010101001000
61,61,0,1,1,001111001111101011100011111
62,62,0,1,1,001111010011010010001111001
63,63,0,1,1,001111011000010001111010100
64,64,0,1,1,001111011001001101001111111
65,65,0,1,1,001111010000100101101010010
66,66,0,1,1,000000000000000000000000000
67,67,0,1,1,000000000000000000000000000
68,68,0,1,1,000000000000000000000000000
69,69,0,1,1,000000000000000000000000000
70,70,0,1,1,000000000000000000000000000
71,71,0,1,1,000000000000000000000000000
72,72,0,1,1,000000000000000000000000000
73,73,0,1,1,000000000000000000000000000
74,74,0,1,1,000000000000000000000000000
75,75,0,1,1,000000000000000000000000000
76,76,0,1,1,000000000000000000000000000
77,77,0,1,1,000000000000000000000000000
78,78,0,1,1,001111000001100110111010010
79,79,0,1,1,000000000000000000000000000
80,80,0,1,1,000000000000000000000000000
81,81,0,1,1,000000000000000000000000000
82,82,0,1,1,000000000000000000000000000
83,83,0,1,1,000000000000000000000000000
84,84,0,1,1,000000000000000000000000000
85,85,0,1,1,000000000000000000000000000
86,86,0,1,1,000000000000000000000000000
87,87,0,1,1,000000000000000000000000000
88,88,0,1,1,000000000000000000000000000
89,89,0,1,1,000000000000000000000000000
90,90,0,1,1,000000000000000000000000000
91,91,0,1,1,000000000000000000000000000
92,92,0,1,1,000000000000000000000000000
93,93,0,1,1,000000000000000000000000000
94,94,0,1,1,000000000000000000000000000
95,95,0,1,1,000000000000000000000000000
96,96,0,1,1,000000000000000000000000000
97,97,0,1,1,000000000000000000000000000
98,98,0,1,1,000000000000000000000000000
99,99,0,1,1,000000000000000000000000000
100,100,0,1,1,000000000000000000000000000
101,101,0,1,1,000000000000000000000000000
102,102,0,1,1,000000000000000000000000000
103,103,0,1,1,000000000000000000000000000
104,104,0,1,1,000000000000000000000000000
105,105,0,1,1,000000000000000000000000000
106,106,0,1,1,000000000000000000000000000
107,107,0,1,1,000000000000000000000000000
108,108,0,1,1,000000000000000000000000000
109,109,0,1,1,000000000000000000000000000
110,110,0,1,1,001111100000010001111111111
111,111,0,1,1,001111100001000100010100111
112,112,0,1,1,001111100010011100000100100
113,113,0,1,1,001111100010001011110110100
114,114,0,1,1,001111100001001111111110000
115,115,0,1,1,001111100000110010100010110
116,116,0,1,1,001111100000100101001110011
117,117,0,1,1,001111100000011000111010100
118,118,0,1,1,001111100000010000110100100
119,119,0,1,1,001111100000100000000001101
120,120,0,1,1,001111100000101000001101011
121,121,0,1,1,001111100000111110100010000
122,122,0,1,1,001111100001010010011110010
123,123,0,1,1,001111100000111110101111110
124,124,0,1,1,001111100010000110110010111
125,125,0,1,1,001111100010010011100110011
126,126,0,1,1,001111100001011000001100000
127,127,0,1,1,001111100000001010001101111
128,128,0,1,1,001111011101001100011011011
129,129,0,1,1,001111011010011011100000001
130,130,0,1,1,001111011000100010000000011
131,131,0,1,1,001111010110011111111101110
132,132,0,1,1,001111010110000110100001010
133,133,0,1,1,001111011001000011000111101
134,134,0,1,1,001111011011011010111001110
135,135,0,1,1,001111011110110110101010110
136,136,0,1,1,001111100000101011111011101
137,137,0,1,1,001111100010100101000100000
138,138,0,1,1,001111100001101110001000111
139,139,0,1,1,001111001001010111010010111
140,140,0,1,1,000000000000000000000000000
141,141,0,1,1,000000000000000000000000000
142,142,0,1,1,000000000000000000000000000
143,143,0,1,1,000000000000000000000000000
144,144,0,1,1,000000000000000000000000000
145,145,0,1,1,000000000000000000000000000
146,146,0,1,1,000000000000000000000000000
147,147,0,1,1,000000000000000000000000000
148,148,0,1,1,000000000000000000000000000
149,149,0,1,1,000000000000000000000000000
150,150,0,1,1,000000000000000000000000000
151,151,0,1,1,000000000000000000000000000
152,152,0,1,1,000000000000000000000000000
153,153,0,1,1,000000000000000000000000000
154,154,0,1,1,000000000000000000000000000
155,155,0,1,1,000000000000000000000000000
156,156,0,1,1,000000000000000000000000000
157,157,0,1,1,000000000000000000000000000
158,158,0,1,1,000000000000000000000000000
159,159,0,1,1,000000000000000000000000000
160,160,0,1,1,000000000000000000000000000
161,161,0,1,1,000000000000000000000000000
162,162,0,1,1,000000000000000000000000000
163,163,0,1,1,000000000000000000000000000
164,164,0,1,1,000000000000000000000000000
165,165,0,1,1,000000000000000000000000000
166,166,0,1,1,000000000000000000000000000
167,167,0,1,1,000000000000000000000000000
168,168,0,1,1,000000000000000000000000000
169,169,0,1,1,000000000000000000000000000
170,170,0,1,1,001111101100001010001101111
171,171,0,1,1,001111101100110101010000001
172,172,0,1,1,001111101100000000100000010
173,173,0,1,1,001111101010101011100101100
174,174,0,1,1,001111101010010110101000001
175,175,0,1,1,001111101001111001110111101
176,176,0,1,1,001111101001010001111111101
177,177,0,1,1,001111101000101101100110011
178,178,0,1,1,001111100111100010000111111
179,179,0,1,1,001111100101001100001100001
180,180,0,1,1,001111100011010100101010001
181,181,0,1,1,001111100001111001101000010
182,182,0,1,1,001111100001001000101000010
183,183,0,1,1,001111100001101100001001001
184,184,0,1,1,001111100100000010101111100
185,185,0,1,1,001111100110100010010010111
186,186,0,1,1,001111100111011001000011011
187,187,0,1,1,001111100110101010000111111
188,188,0,1,1,001111100100001010101100101
189,189,0,1,1,001111100001111100011000110
190,190,0,1,1,001111100000110111011110010
191,191,0,1,1,001111100001110000101100001
192,192,0,1,1,001111100100100000101011101
193,193,0,1,1,001111101000011000111111100
194,194,0,1,1,001111101010000001011101100
195,195,0,1,1,001111101011110110111011100
196,196,0,1,1,001111101101011111101100110
197,197,0,1,1,001111101101011111001011010
198,198,0,1,1,001111100110001100011110000
199,199,0,1,1,001111001100110100001011101
200,200,0,1,1,001111100111110001111001010
201,201,0,1,1,001111101100001100010000110
202,202,0,1,1,001111101011100001001010101
203,203,0,1,1,001111101010101011110001011
204,204,0,1,1,001111101001111001011001110
205,205,0,1,1,001111101001100010111001110
206,206,0,1,1,001111101001010101000111111
207,207,0,1,1,001111101000111011111001010
208,208,0,1,1,001111101000110000001001110
209,209,0,1,1,001111101000101111000100000
210,210,0,1,1,001111101000111101010111010
211,211,0,1,1,001111101001001001110101000
212,212,0,1,1,001111101001100000101000011
213,213,0,1,1,001111101011001011001111010
214,214,0,1,1,001111101100111011110000001
215,215,0,1,1,001111101110000011000001100
216,216,0,1,1,001111101101011111000001101
217,217,0,1,1,001111101011000001000110000
218,218,0,1,1,001111101000010010110011101
219,219,0,1,1,001111100010010000001001001
220,220,0,1,1,001111011100010000100100111
221,221,0,1,1,001111011010011100010010101
222,222,0,1,1,001111011100111100011011111
223,223,0,1,1,001111100001000101111000111
224,224,0,1,1,001111100101100011001100011
225,225,0,1,1,001111101001010010110001001
226,226,0,1,1,001111101011011101111000011
227,227,0,1,1,001111101101100001101011111
228,228,0,1,1,001111101010010100101011010
229,229,0,1,1,001111100011110100001101010
230,230,0,1,1,001111011110100011010000010
231,231,0,1,1,001111100001010011001101010
232,232,0,1,1,001111100100001111011100000
233,233,0,1,1,001111100110111111001110111
234,234,0,1,1,001111101000001111000010100
235,235,0,1,1,001111101000110100101011101
236,236,0,1,1,001111101001001001010010100
237,237,0,1,1,001111101001010100110001101
238,238,0,1,1,001111101001001000001100101
239,239,0,1,1,001111101000111011000100110
240,240,0,1,1,001111101000110000000101001
241,241,0,1,1,001111101000010000001000000
242,242,0,1,1,001111100110101001101101101
243,243,0,1,1,001111100010111111110110001
244,244,0,1,1,001111011011111101100010000
245,245,0,1,1,001110100100101111001100000
246,246,0,1,1,000000000000000000000000000
247,247,0,1,1,000000000000000000000000000
248,248,0,1,1,000000000000000000000000000
249,249,0,1,1,000000000000000000000000000
250,250,0,1,1,000000000000000000000000000
251,251,0,1,1,000000000000000000000000000
252,252,0,1,1,000000000000000000000000000
253,253,0,1,1,000000000000000000000000000
254,254,0,1,1,000000000000000000000000000
255,255,0,1,1,000000000000000000000000000
256,256,0,1,1,000000000000000000000000000
257,257,0,1,1,000000000000000000000000000
258,258,0,1,1,000000000000000000000000000
259,259,0,1,1,000000000000000000000000000
260,260,0,1,1,000000000000000000000000000
261,261,0,1,1,000000000000000000000000000
262,262,0,1,1,000000000000000000000000000
263,263,0,1,1,000000000000000000000000000
264,264,0,1,1,000000000000000000000000000
265,265,0,1,1,000000000000000000000000000
266,266,0,1,1,000000000000000000000000000
267,267,0,1,1,000000000000000000000000000
268,268,0,1,1,000000000000000000000000000
269,269,0,1,1,000000000000000000000000000
270,270,0,1,1,000000000000000000000000000
271,271,0,1,1,000000000000000000000000000
272,272,0,1,1,000000000000000000000000000
273,273,0,1,1,000000000000000000000000000
274,274,0,1,1,000000000000000000000000000
275,275,0,1,1,000000000000000000000000000
276,276,0,1,1,000000000000000000000000000
277,277,0,1,1,001111000110000100110110000
278,278,0,1,1,001111010110011000001110110
279,279,0,1,1,001111011010010011101101011
280,280,0,1,1,001111011101000000100001010
281,281,0,1,1,001111011101010111100000000
282,282,0,1,1,001111011001110011110011110
283,283,0,1,1,001111001011001111001111110
284,284,0,1,1,000000000000000000000000000
285,285,0,1,1,000000000000000000000000000
286,286,0,1,1,000000000000000000000000000
287,287,0,1,1,000000000000000000000000000
288,288,0,1,1,000000000000000000000000000
289,289,0,1,1,000000000000000000000000000
290,290,0,1,1,000000000000000000000000000
291,291,0,1,1,001111011101011001000100010
292,292,0,1,1,001111100010010100100011011
293,293,0,1,1,001111100100000011000010101
294,294,0,1,1,001111100100000001010111111
295,295,0,1,1,001111100100101000010101110
296,296,0,1,1,001111100101011001111111000
297,297,0,1,1,001111100110011101000011001
298,298,0,1,1,001111100110110001011111000
299,299,0,1,1,001111100110101101001001011
300,300,0,1,1,001111100110001001011010001
301,301,0,1,1,001111100101001100010011110
302,302,0,1,1,001111100010111100001001010
303,303,0,1,1,001111011110001001101101110
304,304,0,1,1,001111010001100010011010111
305,305,0,1,1,000000000000000000000000000
306,306,0,1,1,000000000000000000000000000
307,307,0,1,1,000000000000000000000000000
308,308,0,1,1,000000000000000000000000000
309,309,0,1,1,000000000000000000000000000
310,310,0,1,1,000000000000000000000000000
311,311,0,1,1,001111000011101011101111100
312,312,0,1,1,001111001010011010000100000
313,313,0,1,1,001111010000011001000011001
314,314,0,1,1,001111010101011110110101010
315,315,0,1,1,001111010011010110011111010
316,316,0,1,1,001111010011101101000000010
317,317,0,1,1,001111011000011000011010010
318,318,0,1,1,001111100010010111100100100
319,319,0,1,1,001111010111111110100101100
320,320,0,1,1,001111100111101100010010011
321,321,0,1,1,001111101000111001001011100
322,322,0,1,1,001111100111010001101001001
323,323,0,1,1,001111100011010001010001010
324,324,0,1,1,001111100001101011000000001
325,325,0,1,1,001111100000110001110110010
326,326,0,1,1,001111100000100001001101101
327,327,0,1,1,001111011111100001101101101
328,328,0,1,1,001111011110010101000100101
329,329,0,1,1,001111011110001100111111101
330,330,0,1,1,001111011110000010101011011
331,331,0,1,1,001111011110111111000010011
332,332,0,1,1,001111100000100111010010101
333,333,0,1,1,001111100010111010111011110
334,334,0,1,1,001111100110101101111001011
335,335,0,1,1,001111101000111011100000001
336,336,0,1,1,001111101001011001011001011
337,337,0,1,1,001111101000111000101001010
338,338,0,1,1,001111100111101011111011101
339,339,0,1,1,001111100100011000011001100
340,340,0,1,1,001111100010010100011010011
341,341,0,1,1,001111100001100101101001010
342,342,0,1,1,001111100010100010000010000
343,343,0,1,1,001111100101100100100000110
344,344,0,1,1,001111101000001111111011000
345,345,0,1,1,001111101001101110000000111
346,346,0,1,1,001111101011100111100010110
347,347,0,1,1,001111101011110010110101110
348,348,0,1,1,001111100111000010111111001
349,349,0,1,1,001111011011010001001111011
350,350,0,1,1,000000000000000000000000000
351,351,0,1,1,000000000000000000000000000
352,352,0,1,1,000000000000000000000000000
353,353,0,1,1,000000000000000000000000000
354,354,0,1,1,000000000000000000000000000
355,355,0,1,1,000000000000000000000000000
356,356,0,1,1,000000000000000000000000000
357,357,0,1,1,000000000000000000000000000
358,358,0,1,1,000000000000000000000000000
359,359,0,1,1,000000000000000000000000000
360,360,0,1,1,000000000000000000000000000
361,361,0,1,1,000000000000000000000000000
362,362,0,1,1,000000000000000000000000000
363,363,0,1,1,000000000000000000000000000
364,364,0,1,1,000000000000000000000000000
365,365,0,1,1,000000000000000000000000000
366,366,0,1,1,000000000000000000000000000
367,367,0,1,1,000000000000000000000000000
368,368,0,1,1,000000000000000000000000000
369,369,0,1,1,000000000000000000000000000
370,370,0,1,1,000000000000000000000000000
371,371,0,1,1,000000000000000000000000000
372,372,0,1,1,000000000000000000000000000
373,373,0,1,1,000000000000000000000000000
374,374,0,1,1,000000000000000000000000000
375,375,0,1,1,000000000000000000000000000
376,376,0,1,1,000000000000000000000000000
377,377,0,1,1,000000000000000000000000000
378,378,0,1,1,000000000000000000000000000
379,379,0,1,1,000000000000000000000000000
380,380,0,1,1,000000000000000000000000000
381,381,0,1,1,000000000000000000000000000
382,382,0,1,1,000000000000000000000000000
383,383,0,1,1,000000000000000000000000000
384,384,0,1,1,000000000000000000000000000
385,385,0,1,1,000000000000000000000000000
386,386,0,1,1,000000000000000000000000000
387,387,0,1,1,000000000000000000000000000
388,388,0,1,1,000000000000000000000000000
389,389,0,1,1,000000000000000000000000000
390,390,0,1,1,000000000000000000000000000
391,391,0,1,1,000000000000000000000000000
392,392,0,1,1,000000000000000000000000000
393,393,0,1,1,000000000000000000000000000
394,394,0,1,1,000000000000000000000000000
395,395,0,1,1,000000000000000000000000000
396,396,0,1,1,000000000000000000000000000
397,397,0,1,1,000000000000000000000000000
398,398,0,1,1,000000000000000000000000000
399,399,0,1,1,000000000000000000000000000
400,400,0,1,1,000000000000000000000000000
401,401,0,1,1,000000000000000000000000000
402,402,0,1,1,000000000000000000000000000
403,403,0,1,1,000000000000000000000000000
404,404,0,1,1,000000000000000000000000000
405,405,0,1,1,000000000000000000000000000
406,406,0,1,1,000000000000000000000000000
407,407,0,1,1,000000000000000000000000000
408,408,0,1,1,000000000000000000000000000
409,409,0,1,1,000000000000000000000000000
410,410,0,1,1,001111100011100011011100101
411,411,0,1,1,001111101001001010100100010
412,412,0,1,1,001111101001100110100100001
413,413,0,1,1,001111101010000111001110000
414,414,0,1,1,001111101001101000101100110
415,415,0,1,1,001111101001000100111001011
416,416,0,1,1,001111101000100100101100001
417,417,0,1,1,001111101000011011111101101
418,418,0,1,1,001111101000100101100000001
419,419,0,1,1,001111101001000101100010010
420,420,0,1,1,001111101001110100000010010
421,421,0,1,1,001111101010101011101101011
422,422,0,1,1,001111101011101110111011100
423,423,0,1,1,001111101101000010011010110
424,424,0,1,1,001111101101000101010110001
425,425,0,1,1,001111101100001101100001011
426,426,0,1,1,001111101010000111001011010
427,427,0,1,1,001111100111100000000010100
428,428,0,1,1,001111100011111101110110100
429,429,0,1,1,001111011111111011011000001
430,430,0,1,1,001111011100111100111101000
431,431,0,1,1,001111011100100111100000000
432,432,0,1,1,001111011111101111000101110
433,433,0,1,1,001111100001010100110111001
434,434,0,1,1,001111100011110010100100001
435,435,0,1,1,001111100110011000000001111
436,436,0,1,1,001111101000100001110011000
437,437,0,1,1,001111101000100000001010100
438,438,0,1,1,001111100000111001111011010
439,439,0,1,1,001111100010010100101101001
440,440,0,1,1,001111100001110110110001010
441,441,0,1,1,001111101001010011010001010
442,442,0,1,1,001111101010011001000001001
443,443,0,1,1,001111101010110101010011101
444,444,0,1,1,001111101011000011010100111
445,445,0,1,1,001111101011001000000010000
446,446,0,1,1,001111101011010100001000101
447,447,0,1,1,001111101010111110110000001
448,448,0,1,1,001111101010110010010111000
449,449,0,1,1,001111101010001101110101110
450,450,0,1,1,001111101001101001010000011
451,451,0,1,1,001111101001000010000000111
452,452,0,1,1,001111101000101001000010001
453,453,0,1,1,001111100111111000000111000
454,454,0,1,1,001111100110001001110111111
455,455,0,1,1,001111100011001011100110111
456,456,0,1,1,001111100000011010100100100
457,457,0,1,1,001111011000100110111101011
458,458,0,1,1,000000000000000000000000000
459,459,0,1,1,000000000000000000000000000
460,460,0,1,1,000000000000000000000000000
461,461,0,1,1,000000000000000000000000000
462,462,0,1,1,000000000000000000000000000
463,463,0,1,1,000000000000000000000000000
464,464,0,1,1,000000000000000000000000000
465,465,0,1,1,001111001100101001000010110
466,466,0,1,1,001111011010111000110010010
467,467,0,1,1,001111100001000011100000001
468,468,0,1,1,001111011101101011010011001
469,469,0,1,1,001111011011101111100100101
470,470,0,1,1,000000000000000000000000000
471,471,0,1,1,000000000000000000000000000
472,472,0,1,1,000000000000000000000000000
473,473,0,1,1,000000000000000000000000000
474,474,0,1,1,000000000000000000000000000
475,475,0,1,1,000000000000000000000000000
476,476,0,1,1,000000000000000000000000000
477,477,0,1,1,000000000000000000000000000
478,478,0,1,1,000000000000000000000000000
479,479,0,1,1,000000000000000000000000000
480,480,0,1,1,000000000000000000000000000
481,481,0,1,1,000000000000000000000000000
482,482,0,1,1,000000000000000000000000000
483,483,0,1,1,000000000000000000000000000
484,484,0,1,1,000000000000000000000000000
485,485,0,1,1,000000000000000000000000000
486,486,0,1,1,000000000000000000000000000
487,487,0,1,1,000000000000000000000000000
488,488,0,1,1,000000000000000000000000000
489,489,0,1,1,000000000000000000000000000
490,490,0,1,1,000000000000000000000000000
491,491,0,1,1,000000000000000000000000000
492,492,0,1,1,000000000000000000000000000
493,493,0,1,1,000000000000000000000000000
494,494,0,1,1,000000000000000000000000000
495,495,0,1,1,000000000000000000000000000
496,496,0,1,1,000000000000000000000000000
497,497,0,1,1,000000000000000000000000000
498,498,0,1,1,000000000000000000000000000
499,499,0,1,1,000000000000000000000000000
500,500,0,1,1,000000000000000000000000000
501,501,0,1,1,000000000000000000000000000
502,502,0,1,1,000000000000000000000000000
503,503,0,1,1,000000000000000000000000000
504,504,0,1,1,000000000000000000000000000
505,505,0,1,1,000000000000000000000000000
506,506,0,1,1,000000000000000000000000000
507,507,0,1,1,000000000000000000000000000
508,508,0,1,1,000000000000000000000000000
509,509,0,1,1,000000000000000000000000000
510,510,0,1,1,000000000000000000000000000
511,511,0,1,1,000000000000000000000000000
512,512,0,1,1,000000000000000000000000000
513,513,0,1,1,000000000000000000000000000
514,514,0,1,1,000000000000000000000000000
515,515,0,1,1,000000000000000000000000000
516,516,0,1,1,000000000000000000000000000
517,517,0,1,1,000000000000000000000000000
518,518,0,1,1,000000000000000000000000000
519,519,0,1,1,000000000000000000000000000
520,520,0,1,1,000000000000000000000000000
521,521,0,1,1,000000000000000000000000000
522,522,0,1,1,000000000000000000000000000
523,523,0,1,1,000000000000000000000000000
524,524,0,1,1,000000000000000000000000000
525,525,0,1,1,000000000000000000000000000
526,526,0,1,1,000000000000000000000000000
527,527,0,1,1,000000000000000000000000000
528,528,0,1,1,000000000000000000000000000
529,529,0,1,1,000000000000000000000000000
530,530,0,1,1,001111100101000010101000111
531,531,0,1,1,001111101100011100111001100
532,532,0,1,1,001111101101011011001110101
533,533,0,1,1,001111101101100001010010110
534,534,0,1,1,001111101101000000010000011
535,535,0,1,1,001111101100110111001010011
536,536,0,1,1,001111101100101111110011111
537,537,0,1,1,001111101100100001101111111
538,538,0,1,1,001111101100000011010110010
539,539,0,1,1,001111101011010001111101011
540,540,0,1,1,001111101010110110000011001
541,541,0,1,1,001111101010000101100011010
542,542,0,1,1,001111101001110011100110011
543,543,0,1,1,001111101010011110111100101
544,544,0,1,1,001111101011101000111011100
545,545,0,1,1,001111101101001101110101110
546,546,0,1,1,001111101101011100111110011
547,547,0,1,1,001111101100001111000111000
548,548,0,1,1,001111101010001000011110001
549,549,0,1,1,001111100111010001100011110
550,550,0,1,1,001111100011001001111010101
551,551,0,1,1,001111100000101010010100011
552,552,0,1,1,001111100000011001011111101
553,553,0,1,1,001111100001001101100111001
554,554,0,1,1,001111100100110111100010100
555,555,0,1,1,001111101000000101100010100
556,556,0,1,1,001111101010000111011101011
557,557,0,1,1,001111101010111101111110000
558,558,0,1,1,001111101010011100101111000
559,559,0,1,1,001111100101100111110101010
560,560,0,1,1,000000000000000000000000000
561,561,0,1,1,000000000000000000000000000
562,562,0,1,1,000000000000000000000000000
563,563,0,1,1,000000000000000000000000000
564,564,0,1,1,000000000000000000000000000
565,565,0,1,1,000000000000000000000000000
566,566,0,1,1,000000000000000000000000000
567,567,0,1,1,000000000000000000000000000
568,568,0,1,1,000000000000000000000000000
569,569,0,1,1,000000000000000000000000000
570,570,0,1,1,000000000000000000000000000
571,571,0,1,1,000000000000000000000000000
572,572,0,1,1,000000000000000000000000000
573,573,0,1,1,000000000000000000000000000
574,574,0,1,1,000000000000000000000000000
575,575,0,1,1,000000000000000000000000000
576,576,0,1,1,000000000000000000000000000
577,577,0,1,1,000000000000000000000000000
578,578,0,1,1,000000000000000000000000000
579,579,0,1,1,000000000000000000000000000
580,580,0,1,1,000000000000000000000000000
581,581,0,1,1,000000000000000000000000000
582,582,0,1,1,001110111110110001010001011
583,583,0,1,1,001110101000001101000100010
584,584,0,1,1,000000000000000000000000000
585,585,0,1,1,000000000000000000000000000
586,586,0,1,1,000000000000000000000000000
587,587,0,1,1,000000000000000000000000000
588,588,0,1,1,000000000000000000000000000
589,589,0,1,1,000000000000000000000000000
590,590,0,1,1,001111101010010110010101111
591,591,0,1,1,001111101011100110010110001
592,592,0,1,1,001111101011000100101101000
593,593,0,1,1,001111101001010100111111110
594,594,0,1,1,001111101000010011111100100
595,595,0,1,1,001111100111100101001110011
596,596,0,1,1,001111100110011010101001100
597,597,0,1,1,001111100101010100100010110
598,598,0,1,1,001111100011101001100111001
599,599,0,1,1,001111100010110111011010000
600,600,0,1,1,001111100010100100111111111
601,601,0,1,1,001111100010101110101101101
602,602,0,1,1,001111100100001010011101011
603,603,0,1,1,001111100111111100010110100
604,604,0,1,1,001111101010100100001110101
605,605,0,1,1,001111101100100011100010000
606,606,0,1,1,001111101100011110110100111
607,607,0,1,1,001111101010101110101010101
608,608,0,1,1,001111101000100001101011100
609,609,0,1,1,001111100011100011000101010
610,610,0,1,1,001111011110101111000000101
611,611,0,1,1,001111011100011111100101001
612,612,0,1,1,001111011111111101000010001
613,613,0,1,1,001111100011011110111010100
614,614,0,1,1,001111100111010110101100111
615,615,0,1,1,001111101010000111110001110
616,616,0,1,1,001111101100011001101101110
617,617,0,1,1,001111101101001111001100011
618,618,0,1,1,001111100110111001111110100
619,619,0,1,1,001111011011101010100111010
620,620,0,1,1,000000000000000000000000000
621,621,0,1,1,000000000000000000000000000
622,622,0,1,1,000000000000000000000000000
623,623,0,1,1,000000000000000000000000000
624,624,0,1,1,000000000000000000000000000
625,625,0,1,1,000000000000000000000000000
626,626,0,1,1,000000000000000000000000000
627,627,0,1,1,000000000000000000000000000
628,628,0,1,1,000000000000000000000000000
629,629,0,1,1,000000000000000000000000000
630,630,0,1,1,000000000000000000000000000
631,631,0,1,1,000000000000000000000000000
632,632,0,1,1,000000000000000000000000000
633,633,0,1,1,000000000000000000000000000
634,634,0,1,1,000000000000000000000000000
635,635,0,1,1,000000000000000000000000000
636,636,0,1,1,001111011000001110001110011
637,637,0,1,1,001111100011100110100110011
638,638,0,1,1,001111101001001101000001000
639,639,0,1,1,001111101100001010001100011
640,640,0,1,1,001111101110001010101010100
641,641,0,1,1,001111101110100000100101001
642,642,0,1,1,001111101101101110001101101
643,643,0,1,1,001111101100000010101100110
644,644,0,1,1,001111101001101000110110011
645,645,0,1,1,001111100100111110101111111
646,646,0,1,1,001111011110111111111011110
647,647,0,1,1,001111010010000101101010100
648,648,0,1,1,001111000101110010010101000
649,649,0,1,1,001111010000111011100001011
650,650,0,1,1,001111100011000111101111011
651,651,0,1,1,001111100110011101001111111
652,652,0,1,1,001111100101110011110110110
653,653,0,1,1,001111100011110001110111001
654,654,0,1,1,001111100011000001101100010
655,655,0,1,1,001111100010010010111110011
656,656,0,1,1,001111100001101001111010000
657,657,0,1,1,001111100001011001001110000
658,658,0,1,1,001111100000011010101001000
659,659,0,1,1,001111011110111000100100111
660,660,0,1,1,001111011101000010001101001
661,661,0,1,1,001111011100101011011111011
662,662,0,1,1,001111011101011000001000111
663,663,0,1,1,001111100000010101110111001
664,664,0,1,1,001111100001101011111110010
665,665,0,1,1,001111100100101100110010011
666,666,0,1,1,001111100111010011100000000
667,667,0,1,1,001111101000011011001101001
668,668,0,1,1,001111101000110100001001101
669,669,0,1,1,001111101001010101111100100
670,670,0,1,1,001111101001110101101101000
671,671,0,1,1,001111101010110011010101010
672,672,0,1,1,001111101011110111101001100
673,673,0,1,1,001111101100101010111110011
674,674,0,1,1,001111101100110100010010010
675,675,0,1,1,001111101100100000110111011
676,676,0,1,1,001111101100010110110001101
677,677,0,1,1,001111101011101001010101001
678,678,0,1,1,001111100110111110011100111
679,679,0,1,1,001111100000001100111111011
680,680,0,1,1,001111010010010100001111001
681,681,0,1,1,001111100011110010101011010
682,682,0,1,1,001111100110111000000100101
683,683,0,1,1,001111101000001101101011010
684,684,0,1,1,001111101000001011111010001
685,685,0,1,1,001111101000010101000111000
686,686,0,1,1,001111101000010010110001010
687,687,0,1,1,001111100111111101000110000
688,688,0,1,1,001111100111001101000001100
689,689,0,1,1,001111100101010001110011010
690,690,0,1,1,001111100011001111111010100
691,691,0,1,1,001111100001000111000010000
692,692,0,1,1,001111011101100011000100011
693,693,0,1,1,001111010110001010100101001
694,694,0,1,1,001111000000010001111001100
695,695,0,1,1,000000000000000000000000000
696,696,0,1,1,000000000000000000000000000
697,697,0,1,1,000000000000000000000000000
698,698,0,1,1,000000000000000000000000000
699,699,0,1,1,000000000000000000000000000
700,700,0,1,1,000000000000000000000000000
701,701,0,1,1,000000000000000000000000000
702,702,0,1,1,000000000000000000000000000
703,703,0,1,1,000000000000000000000000000
704,704,0,1,1,000000000000000000000000000
705,705,0,1,1,000000000000000000000000000
706,706,0,1,1,001111001001000001001000110
707,707,0,1,1,001111011011011010100001100
708,708,0,1,1,001111100101010111111110011
709,709,0,1,1,001111100000100001011111000
710,710,0,1,1,001111011010110111110111101
711,711,0,1,1,001111100001110110110001111
712,712,0,1,1,001111100100011110011001001
713,713,0,1,1,001111100110000011001000000
714,714,0,1,1,001111100111000011011011000
715,715,0,1,1,001111100111011110111110010
716,716,0,1,1,001111101000000110111001000
717,717,0,1,1,001111101000010110111111100
718,718,0,1,1,001111101000101010100001010
719,719,0,1,1,001111101000111010111110111
720,720,0,1,1,001111101001000111000111010
721,721,0,1,1,001111101001011011110111101
722,722,0,1,1,001111101001010110111010001
723,723,0,1,1,001111101000001111111001100
724,724,0,1,1,001111100011111100101011000
725,725,0,1,1,001111011011101101001001100
726,726,0,1,1,001111001001101011110101110
727,727,0,1,1,000000000000000000000000000
728,728,0,1,1,000000000000000000000000000
729,729,0,1,1,000000000000000000000000000
730,730,0,1,1,000000000000000000000000000
731,731,0,1,1,000000000000000000000000000
732,732,0,1,1,000000000000000000000000000
733,733,0,1,1,000000000000000000000000000
734,734,0,1,1,000000000000000000000000000
735,735,0,1,1,000000000000000000000000000
736,736,0,1,1,000000000000000000000000000
737,737,0,1,1,001111001111010100101011011
738,738,0,1,1,001111000011010011100000000
739,739,0,1,1,001111001001111110011100000
740,740,0,1,1,001111100000100111111100001
741,741,0,1,1,001111011100100100000000011
742,742,0,1,1,001111011000101101111010011
743,743,0,1,1,001111010011111010100101110
744,744,0,1,1,001111010010111100111010101
745,745,0,1,1,001111010010101000101001111
746,746,0,1,1,001111010001000010010010111
747,747,0,1,1,001111000010010100100101010
748,748,0,1,1,000000000000000000000000000
749,749,0,1,1,000000000000000000000000000
750,750,0,1,1,000000000000000000000000000
751,751,0,1,1,000000000000000000000000000
752,752,0,1,1,000000000000000000000000000
753,753,0,1,1,000000000000000000000000000
754,754,0,1,1,000000000000000000000000000
755,755,0,1,1,000000000000000000000000000
756,756,0,1,1,000000000000000000000000000
757,757,0,1,1,000000000000000000000000000
758,758,0,1,1,000000000000000000000000000
759,759,0,1,1,000000000000000000000000000
760,760,0,1,1,000000000000000000000000000
761,761,0,1,1,000000000000000000000000000
762,762,0,1,1,000000000000000000000000000
763,763,0,1,1,000000000000000000000000000
764,764,0,1,1,000000000000000000000000000
765,765,0,1,1,001111001110100000111000010
766,766,0,1,1,001111011000011011000100001
767,767,0,1,1,001111011100101001111000100
768,768,0,1,1,000000000000000000000000000
769,769,0,1,1,000000000000000000000000000
770,770,0,1,1,000000000000000000000000000
771,771,0,1,1,001111011010110111111011111
772,772,0,1,1,001111011111100011110100110
773,773,0,1,1,001111011110100110010000001
774,774,0,1,1,001111011010111001111100001
775,775,0,1,1,001111011000110110110111011
776,776,0,1,1,001111011001100010110010110
777,777,0,1,1,001111011001111110010111110
778,778,0,1,1,001111011010110011100111110
779,779,0,1,1,001111011100001110110110111
780,780,0,1,1,001111011100110001111001110
781,781,0,1,1,001111011100101111000111000
782,782,0,1,1,001111011100110010100110011
783,783,0,1,1,001111011011011000011101001
784,784,0,1,1,001111011011111000101101010
785,785,0,1,1,001111011101101010011110001
786,786,0,1,1,001111011100110011100101001
787,787,0,1,1,001111011001110111111001110
788,788,0,1,1,001111010110011111110010010
789,789,0,1,1,001111001100001100000011100
790,790,0,1,1,000000000000000000000000000
791,791,0,1,1,000000000000000000000000000
792,792,0,1,1,000000000000000000000000000
793,793,0,1,1,000000000000000000000000000
794,794,0,1,1,000000000000000000000000000
795,795,0,1,1,000000000000000000000000000
796,796,0,1,1,001110111110010111101111100
797,797,0,1,1,001111010111001111100111100
798,798,0,1,1,001111011100010111101000101
799,799,0,1,1,001111011000100111011101100
800,800,0,1,1,001111100010100110000001110
801,801,0,1,1,001111100100000110101101100
802,802,0,1,1,001111100100101011001010100
803,803,0,1,1,001111100100000111000010100
804,804,0,1,1,001111100011010000001100010
805,805,0,1,1,001111100010101100000100001
806,806,0,1,1,001111100010101101110100011
807,807,0,1,1,001111100010110001011001010
808,808,0,1,1,001111100010000000010001111
809,809,0,1,1,001111100000111110000000111
810,810,0,1,1,001111011111101100100001110
811,811,0,1,1,001111011101010101010111001
812,812,0,1,1,001111011010011010101010111
813,813,0,1,1,001111010111000000111001111
814,814,0,1,1,001111010100110010110100100
815,815,0,1,1,001111010110111000101100101
816,816,0,1,1,001111001110011011011000010
817,817,0,1,1,001111000011000111110110110
818,818,0,1,1,000000000000000000000000000
819,819,0,1,1,000000000000000000000000000
820,820,0,1,1,000000000000000000000000000
821,821,0,1,1,000000000000000000000000000
822,822,0,1,1,000000000000000000000000000
823,823,0,1,1,000000000000000000000000000
824,824,0,1,1,000000000000000000000000000
825,825,0,1,1,000000000000000000000000000
826,826,0,1,1,001111010110101111010110011
827,827,0,1,1,001111011101101011000010110
828,828,0,1,1,001111100000100011010000001
829,829,0,1,1,001111010010011011001000111
830,830,0,1,1,001111101010001101111111100
831,831,0,1,1,001111101001001110111010010
832,832,0,1,1,001111101000010111010011100
833,833,0,1,1,001111100111001011110110111
834,834,0,1,1,001111100110110000111101010
835,835,0,1,1,001111100111011001001111100
836,836,0,1,1,001111101000001000001010000
837,837,0,1,1,001111101000000111000011110
838,838,0,1,1,001111100110101110010101001
839,839,0,1,1,001111100100111101011100011
840,840,0,1,1,001111100010011111111101101
841,841,0,1,1,001111011110111100110101010
842,842,0,1,1,001111011000000001110011111
843,843,0,1,1,001111010010110011010010110
844,844,0,1,1,001111010001111001010010110
845,845,0,1,1,001111010100011011011010100
846,846,0,1,1,001111001110000110010110101
847,847,0,1,1,001110010011110101110000000
848,848,0,1,1,000000000000000000000000000
849,849,0,1,1,000000000000000000000000000
850,850,0,1,1,000000000000000000000000000
851,851,0,1,1,000000000000000000000000000
852,852,0,1,1,000000000000000000000000000
853,853,0,1,1,001111001011000000010101000
854,854,0,1,1,001111011011101001111011011
855,855,0,1,1,001111100010010110110111001
856,856,0,1,1,001111100110101110100001111
857,857,0,1,1,001111100111110001111100010
858,858,0,1,1,001111011000011000000011011
859,859,0,1,1,000000000000000000000000000
860,860,0,1,1,000000000000000000000000000
861,861,0,1,1,000000000000000000000000000
862,862,0,1,1,000000000000000000000000000
863,863,0,1,1,000000000000000000000000000
864,864,0,1,1,000000000000000000000000000
865,865,0,1,1,000000000000000000000000000
866,866,0,1,1,000000000000000000000000000
867,867,0,1,1,000000000000000000000000000
868,868,0,1,1,000000000000000000000000000
869,869,0,1,1,000000000000000000000000000
870,870,0,1,1,000000000000000000000000000
871,871,0,1,1,000000000000000000000000000
872,872,0,1,1,001111000000110000010100100
873,873,0,1,1,001111010000000110100011111
874,874,0,1,1,001111010000100111000110111
875,875,0,1,1,001111001100011111111011011
876,876,0,1,1,000000000000000000000000000
877,877,0,1,1,000000000000000000000000000
878,878,0,1,1,000000000000000000000000000
879,879,0,1,1,000000000000000000000000000
880,880,0,1,1,000000000000000000000000000
881,881,0,1,1,000000000000000000000000000
882,882,0,1,1,000000000000000000000000000
883,883,0,1,1,000000000000000000000000000
884,884,0,1,1,000000000000000000000000000
885,885,0,1,1,000000000000000000000000000
886,886,0,1,1,000000000000000000000000000
887,887,0,1,1,000000000000000000000000000
888,888,0,1,1,000000000000000000000000000
889,889,0,1,1,000000000000000000000000000
890,890,0,1,1,001111100110011100110001011
891,891,0,1,1,001111101100110000011111111
892,892,0,1,1,001111101101000110101111110
893,893,0,1,1,001111101100101000011001000
894,894,0,1,1,001111101100001100000011000
895,895,0,1,1,001111101100011000011110011
896,896,0,1,1,001111101100100010101011000
897,897,0,1,1,001111101100010000110011100
898,898,0,1,1,001111101011011000001010100
899,899,0,1,1,001111101010000101101011000
900,900,0,1,1,001111101000101000001100010
901,901,0,1,1,001111100101111001100111011
902,902,0,1,1,001111100010010010101111101
903,903,0,1,1,001111011110010111110101010
904,904,0,1,1,001111011100111010100110010
905,905,0,1,1,001111011111101011100111110
906,906,0,1,1,001111100000100010011000101
907,907,0,1,1,001111011111000010011000011
908,908,0,1,1,001111011011011000111101011
909,909,0,1,1,001111010011000101101000011
910,910,0,1,1,001111000011011100011000111
911,911,0,1,1,001110111001100011101100101
912,912,0,1,1,001111010001000111001011101
913,913,0,1,1,001111011011001000010101100
914,914,0,1,1,001111100010100001110000100
915,915,0,1,1,001111101000001000110100011
916,916,0,1,1,001111101010001101101011001
917,917,0,1,1,001111101100001001000101011
918,918,0,1,1,001111101010001001011100101
919,919,0,1,1,001111100011010010111101101
920,920,0,1,1,000000000000000000000000000
921,921,0,1,1,000000000000000000000000000
922,922,0,1,1,000000000000000000000000000
923,923,0,1,1,000000000000000000000000000
924,924,0,1,1,000000000000000000000000000
925,925,0,1,1,000000000000000000000000000
926,926,0,1,1,000000000000000000000000000
927,927,0,1,1,000000000000000000000000000
928,928,0,1,1,000000000000000000000000000
929,929,0,1,1,000000000000000000000000000
930,930,0,1,1,000000000000000000000000000
931,931,0,1,1,000000000000000000000000000
932,932,0,1,1,000000000000000000000000000
933,933,0,1,1,000000000000000000000000000
934,934,0,1,1,000000000000000000000000000
935,935,0,1,1,000000000000000000000000000
936,936,0,1,1,000000000000000000000000000
937,937,0,1,1,000000000000000000000000000
938,938,0,1,1,000000000000000000000000000
939,939,0,1,1,000000000000000000000000000
940,940,0,1,1,000000000000000000000000000
941,941,0,1,1,000000000000000000000000000
942,942,0,1,1,000000000000000000000000000
943,943,0,1,1,000000000000000000000000000
944,944,0,1,1,000000000000000000000000000
945,945,0,1,1,000000000000000000000000000
946,946,0,1,1,000000000000000000000000000
947,947,0,1,1,000000000000000000000000000
948,948,0,1,1,000000000000000000000000000
949,949,0,1,1,000000000000000000000000000
950,950,0,1,1,001111011011001101010011011
951,951,0,1,1,001111100110001000011011001
952,952,0,1,1,001111100111110010100010100
953,953,0,1,1,001111101000010001110010111
954,954,0,1,1,001111101000000010110100110
955,955,0,1,1,001111101000000111100000010
956,956,0,1,1,001111100111100101101010111
957,957,0,1,1,001111100111000100100111111
958,958,0,1,1,001111100110101100100000000
959,959,0,1,1,001111100110011100110001110
960,960,0,1,1,001111100110111010101011001
961,961,0,1,1,001111100111010000100101001
962,962,0,1,1,001111101000000111101111000
963,963,0,1,1,001111101001000001001001111
964,964,0,1,1,001111101001110001010011000
965,965,0,1,1,001111101001101101010011111
966,966,0,1,1,001111101000100100101111111
967,967,0,1,1,001111100110000001111111101
968,968,0,1,1,001111100010111001110000100
969,969,0,1,1,001111011110100011001100001
970,970,0,1,1,001111011011011011100010110
971,971,0,1,1,001111011011110000100010000
972,972,0,1,1,001111011110100111001111011
973,973,0,1,1,001111100000100101111101100
974,974,0,1,1,001111100011100110001101101
975,975,0,1,1,001111100101100101111000011
976,976,0,1,1,001111100111100000110011101
977,977,0,1,1,001111101010010111101110011
978,978,0,1,1,001111101010001010011101010
979,979,0,1,1,001111100100001111100011110
980,980,0,1,1,001111100100001111100011110
981,981,0,1,1,001111100100001111100011110
982,982,0,1,1,001111100100001111100011110
983,983,0,1,1,001111100100001111100011110
984,984,0,1,1,001111100100001111100011110
985,985,0,1,1,001111100100001111100011110
986,986,0,1,1,001111100100001111100011110
987,987,0,1,1,001111100100001111100011110
988,988,0,1,1,001111100100001111100011110
989,989,0,1,1,001111100100001111100011110
990,990,0,1,1,001111100100001111100011110
991,991,0,1,1,001111100100001111100011110
992,992,0,1,1,001111100100001111100011110
993,993,0,1,1,001111100100001111100011110
994,994,0,1,1,001111100100001111100011110
995,995,0,1,1,001111100100001111100011110
996,996,0,1,1,001111100100001111100011110
997,997,0,1,1,001111100100001111100011110
998,998,0,1,1,001111100100001111100011110
999,999,0,1,1,001111100100001111100011110
1000,1000,0,1,1,001111100100001111100011110
1001,1001,0,1,1,001111100100001111100011110
1002,1002,0,1,1,001111100100001111100011110
1003,1003,0,1,1,001111100100001111100011110
1004,1004,0,1,1,001111100100001111100011110
1005,1005,0,1,1,001111100100001111100011110
1006,1006,0,1,1,001111100100001111100011110
1007,1007,0,1,1,001111100100001111100011110
1008,1008,0,1,1,001111100100001111100011110
1009,1009,0,1,1,001111100100001111100011110
1010,1010,0,1,1,001111100100001111100011110
1011,1011,0,1,1,001111100100001111100011110
1012,1012,0,1,1,001111100100001111100011110
1013,1013,0,1,1,001111100100001111100011110
1014,1014,0,1,1,001111100100001111100011110
1015,1015,0,1,1,001111100100001111100011110
1016,1016,0,1,1,001111100100001111100011110
1017,1017,0,1,1,001111100100001111100011110
1018,1018,0,1,1,001111100100001111100011110
1019,1019,0,1,1,001111100100001111100011110
1020,1020,0,1,1,001111100100001111100011110
1021,1021,0,1,1,001111100100001111100011110
1022,1022,0,1,1,001111100100001111100011110
1023,1023,0,1,1,001111100100001111100011110
